network som, neural, f_score, 0.809524, f_score_similar, 0.809524, Avg_gene_dist, 0, simmialr gene dist, 0, variance, 0, inconsistency, 0, cophenet, 0, roughness, 0, %, 28, 0, % 
sqeuclidean, kmeans, f_score, 1, f_score_similar, 1, Avg_gene_dist, 0, simmialr gene dist, 0, variance, 0, inconsistency, 0, cophenet, 0, roughness, 0, %, 28, 1, % 
cityblock, kmeans, f_score, 1, f_score_similar, 1, Avg_gene_dist, 0, simmialr gene dist, 0, variance, 0, inconsistency, 0, cophenet, 0, roughness, 0, %, 28, 2, % 
cosine, kmeans, f_score, 1, f_score_similar, 1, Avg_gene_dist, 0, simmialr gene dist, 0, variance, 0, inconsistency, 0, cophenet, 0, roughness, 0, %, 28, 3, % 
correlation, kmeans, f_score, 1, f_score_similar, 1, Avg_gene_dist, 0, simmialr gene dist, 0, variance, 0, inconsistency, 0, cophenet, 0, roughness, 0, %, 28, 4, % 
euclidean, average, f_score, 1, f_score_similar, 1, Avg_gene_dist, 0, simmialr gene dist, 0, variance, 0, inconsistency, 1.15301, cophenet, 0.920697, roughness, 12.365, %, 28, 5, % 
seuclidean, average, f_score, 1, f_score_similar, 1, Avg_gene_dist, 0, simmialr gene dist, 0, variance, 0, inconsistency, 1.13169, cophenet, 0.917406, roughness, 0.603161, %, 28, 6, % 
cityblock, average, f_score, 1, f_score_similar, 1, Avg_gene_dist, 0, simmialr gene dist, 0, variance, 0, inconsistency, 1.04762, cophenet, 0.829905, roughness, 19.5141, %, 28, 7, % 
minkowski, average, f_score, 1, f_score_similar, 1, Avg_gene_dist, 0, simmialr gene dist, 0, variance, 0, inconsistency, 1.15301, cophenet, 0.920697, roughness, 12.365, %, 28, 8, % 
chebychev, average, f_score, 1, f_score_similar, 1, Avg_gene_dist, 0, simmialr gene dist, 0, variance, 0, inconsistency, 1.1332, cophenet, 0.920159, roughness, 10.7845, %, 28, 9, % 
cosine, average, f_score, 1, f_score_similar, 1, Avg_gene_dist, 0, simmialr gene dist, 0, variance, 0, inconsistency, 1.36657, cophenet, 0.83734, roughness, 0.000333097, %, 28, 10, % 
spearman, average, f_score, 1, f_score_similar, 1, Avg_gene_dist, 0, simmialr gene dist, 0, variance, 0, inconsistency, 0.644058, cophenet, 0.900908, roughness, 0.00701058, %, 28, 11, % 
euclidean, centroid, f_score, 1, f_score_similar, 1, Avg_gene_dist, 0, simmialr gene dist, 0, variance, 0, inconsistency, 1.14815, cophenet, 0.920626, roughness, 12.365, %, 28, 12, % 
seuclidean, centroid, f_score, 1, f_score_similar, 1, Avg_gene_dist, 0, simmialr gene dist, 0, variance, 0, inconsistency, 1.13319, cophenet, 0.914829, roughness, 0.616747, %, 28, 13, % 
cityblock, centroid, f_score, 1, f_score_similar, 1, Avg_gene_dist, 0, simmialr gene dist, 0, variance, 0, inconsistency, 1.04598, cophenet, 0.82978, roughness, 18.7854, %, 28, 14, % 
minkowski, centroid, f_score, 1, f_score_similar, 1, Avg_gene_dist, 0, simmialr gene dist, 0, variance, 0, inconsistency, 1.14815, cophenet, 0.920626, roughness, 12.365, %, 28, 15, % 
chebychev, centroid, f_score, 1, f_score_similar, 1, Avg_gene_dist, 0, simmialr gene dist, 0, variance, 0, inconsistency, 1.12998, cophenet, 0.920109, roughness, 10.7845, %, 28, 16, % 
cosine, centroid, f_score, 1, f_score_similar, 1, Avg_gene_dist, 0, simmialr gene dist, 0, variance, 0, inconsistency, 1.17916, cophenet, 0.83548, roughness, 0.000323775, %, 28, 17, % 
spearman, centroid, f_score, 1, f_score_similar, 1, Avg_gene_dist, 0, simmialr gene dist, 0, variance, 0, inconsistency, 0.12986, cophenet, 0.900562, roughness, 0.00701058, %, 28, 18, % 
euclidean, complete, f_score, 1, f_score_similar, 1, Avg_gene_dist, 0, simmialr gene dist, 0, variance, 0, inconsistency, 1.07681, cophenet, 0.89058, roughness, 12.365, %, 28, 19, % 
seuclidean, complete, f_score, 1, f_score_similar, 1, Avg_gene_dist, 0, simmialr gene dist, 0, variance, 0, inconsistency, 1.05535, cophenet, 0.905563, roughness, 0.636593, %, 28, 20, % 
cityblock, complete, f_score, 1, f_score_similar, 1, Avg_gene_dist, 0, simmialr gene dist, 0, variance, 0, inconsistency, 1.07956, cophenet, 0.877584, roughness, 18.913, %, 28, 21, % 
minkowski, complete, f_score, 1, f_score_similar, 1, Avg_gene_dist, 0, simmialr gene dist, 0, variance, 0, inconsistency, 1.07681, cophenet, 0.89058, roughness, 12.365, %, 28, 22, % 
chebychev, complete, f_score, 1, f_score_similar, 1, Avg_gene_dist, 0, simmialr gene dist, 0, variance, 0, inconsistency, 1.0466, cophenet, 0.919644, roughness, 10.7845, %, 28, 23, % 
cosine, complete, f_score, 1, f_score_similar, 1, Avg_gene_dist, 0, simmialr gene dist, 0, variance, 0, inconsistency, 1.23809, cophenet, 0.810569, roughness, 0.000314474, %, 28, 24, % 
spearman, complete, f_score, 1, f_score_similar, 1, Avg_gene_dist, 0, simmialr gene dist, 0, variance, 0, inconsistency, 0.549222, cophenet, 0.766949, roughness, 0.00701058, %, 28, 25, % 
euclidean, median, f_score, 1, f_score_similar, 1, Avg_gene_dist, 0, simmialr gene dist, 0, variance, 0, inconsistency, 1.1026, cophenet, 0.900097, roughness, 12.365, %, 28, 26, % 
seuclidean, median, f_score, 1, f_score_similar, 1, Avg_gene_dist, 0, simmialr gene dist, 0, variance, 0, inconsistency, 1.10666, cophenet, 0.83834, roughness, 0.640366, %, 28, 27, % 
cityblock, median, f_score, 1, f_score_similar, 1, Avg_gene_dist, 0, simmialr gene dist, 0, variance, 0, inconsistency, 1.09744, cophenet, 0.894924, roughness, 18.7854, %, 28, 28, % 
minkowski, median, f_score, 1, f_score_similar, 1, Avg_gene_dist, 0, simmialr gene dist, 0, variance, 0, inconsistency, 1.1026, cophenet, 0.900097, roughness, 12.365, %, 28, 29, % 
chebychev, median, f_score, 1, f_score_similar, 1, Avg_gene_dist, 0, simmialr gene dist, 0, variance, 0, inconsistency, 1.16384, cophenet, 0.918067, roughness, 12.0341, %, 28, 30, % 
cosine, median, f_score, 1, f_score_similar, 1, Avg_gene_dist, 0, simmialr gene dist, 0, variance, 0, inconsistency, 1.26297, cophenet, 0.80054, roughness, 0.000333221, %, 28, 31, % 
spearman, median, f_score, 1, f_score_similar, 1, Avg_gene_dist, 0, simmialr gene dist, 0, variance, 0, inconsistency, 0.233212, cophenet, 0.860892, roughness, 0.00701058, %, 28, 32, % 
euclidean, single, f_score, 1, f_score_similar, 1, Avg_gene_dist, 0, simmialr gene dist, 0, variance, 0, inconsistency, 1.25006, cophenet, 0.905452, roughness, 12.3806, %, 28, 33, % 
seuclidean, single, f_score, 1, f_score_similar, 1, Avg_gene_dist, 0, simmialr gene dist, 0, variance, 0, inconsistency, 1.07384, cophenet, 0.853048, roughness, 0.703165, %, 28, 34, % 
cityblock, single, f_score, 1, f_score_similar, 1, Avg_gene_dist, 0, simmialr gene dist, 0, variance, 0, inconsistency, 1.26293, cophenet, 0.895093, roughness, 18.4109, %, 28, 35, % 
minkowski, single, f_score, 1, f_score_similar, 1, Avg_gene_dist, 0, simmialr gene dist, 0, variance, 0, inconsistency, 1.25006, cophenet, 0.905452, roughness, 12.3806, %, 28, 36, % 
chebychev, single, f_score, 1, f_score_similar, 1, Avg_gene_dist, 0, simmialr gene dist, 0, variance, 0, inconsistency, 1.29587, cophenet, 0.902076, roughness, 11.5433, %, 28, 37, % 
cosine, single, f_score, 1, f_score_similar, 1, Avg_gene_dist, 0, simmialr gene dist, 0, variance, 0, inconsistency, 1.44651, cophenet, 0.826827, roughness, 0.000324852, %, 28, 38, % 
spearman, single, f_score, 1, f_score_similar, 1, Avg_gene_dist, 0, simmialr gene dist, 0, variance, 0, inconsistency, 0.650875, cophenet, 0.741354, roughness, 0.00701058, %, 28, 39, % 
euclidean, weighted, f_score, 1, f_score_similar, 1, Avg_gene_dist, 0, simmialr gene dist, 0, variance, 0, inconsistency, 1.11012, cophenet, 0.904931, roughness, 12.365, %, 28, 40, % 
seuclidean, weighted, f_score, 1, f_score_similar, 1, Avg_gene_dist, 0, simmialr gene dist, 0, variance, 0, inconsistency, 1.01579, cophenet, 0.891145, roughness, 0.638777, %, 28, 41, % 
cityblock, weighted, f_score, 1, f_score_similar, 1, Avg_gene_dist, 0, simmialr gene dist, 0, variance, 0, inconsistency, 1.11364, cophenet, 0.89396, roughness, 19.5141, %, 28, 42, % 
minkowski, weighted, f_score, 1, f_score_similar, 1, Avg_gene_dist, 0, simmialr gene dist, 0, variance, 0, inconsistency, 1.11012, cophenet, 0.904931, roughness, 12.365, %, 28, 43, % 
chebychev, weighted, f_score, 1, f_score_similar, 1, Avg_gene_dist, 0, simmialr gene dist, 0, variance, 0, inconsistency, 1.15806, cophenet, 0.917176, roughness, 12.0341, %, 28, 44, % 
cosine, weighted, f_score, 1, f_score_similar, 1, Avg_gene_dist, 0, simmialr gene dist, 0, variance, 0, inconsistency, 1.30947, cophenet, 0.803185, roughness, 0.000322112, %, 28, 45, % 
spearman, weighted, f_score, 1, f_score_similar, 1, Avg_gene_dist, 0, simmialr gene dist, 0, variance, 0, inconsistency, 0.518048, cophenet, 0.773446, roughness, 0.00701058, %, 28, 46, % 
euclidean, ward, f_score, 1, f_score_similar, 1, Avg_gene_dist, 0, simmialr gene dist, 0, variance, 0, inconsistency, 1.12859, cophenet, 0.883358, roughness, 12.365, %, 28, 47, % 
seuclidean, ward, f_score, 1, f_score_similar, 1, Avg_gene_dist, 0, simmialr gene dist, 0, variance, 0, inconsistency, 1.06498, cophenet, 0.781507, roughness, 0.638312, %, 28, 48, % 
cityblock, ward, f_score, 1, f_score_similar, 1, Avg_gene_dist, 0, simmialr gene dist, 0, variance, 0, inconsistency, 1.1467, cophenet, 0.869782, roughness, 19.5141, %, 28, 49, % 
minkowski, ward, f_score, 1, f_score_similar, 1, Avg_gene_dist, 0, simmialr gene dist, 0, variance, 0, inconsistency, 1.12859, cophenet, 0.883358, roughness, 12.365, %, 28, 50, % 
chebychev, ward, f_score, 1, f_score_similar, 1, Avg_gene_dist, 0, simmialr gene dist, 0, variance, 0, inconsistency, 1.03272, cophenet, 0.888582, roughness, 11.0141, %, 28, 51, % 
cosine, ward, f_score, 1, f_score_similar, 1, Avg_gene_dist, 0, simmialr gene dist, 0, variance, 0, inconsistency, 1.30316, cophenet, 0.805432, roughness, 0.000318579, %, 28, 52, % 
spearman, ward, f_score, 1, f_score_similar, 1, Avg_gene_dist, 0, simmialr gene dist, 0, variance, 0, inconsistency, 0.496463, cophenet, 0.750525, roughness, 0.00751764, %, 28, 53, % 
network som, neural, f_score, 0.767857, f_score_similar, 0.767857, Avg_gene_dist, 0, simmialr gene dist, 0, variance, 0, inconsistency, 0, cophenet, 0, roughness, 0, %, 28, 0, % 
sqeuclidean, kmeans, f_score, 1, f_score_similar, 1, Avg_gene_dist, 0, simmialr gene dist, 0, variance, 0, inconsistency, 0, cophenet, 0, roughness, 0, %, 28, 1, % 
cityblock, kmeans, f_score, 1, f_score_similar, 1, Avg_gene_dist, 0, simmialr gene dist, 0, variance, 0, inconsistency, 0, cophenet, 0, roughness, 0, %, 28, 2, % 
cosine, kmeans, f_score, 1, f_score_similar, 1, Avg_gene_dist, 0, simmialr gene dist, 0, variance, 0, inconsistency, 0, cophenet, 0, roughness, 0, %, 28, 3, % 
correlation, kmeans, f_score, 1, f_score_similar, 1, Avg_gene_dist, 0, simmialr gene dist, 0, variance, 0, inconsistency, 0, cophenet, 0, roughness, 0, %, 28, 4, % 
euclidean, average, f_score, 1, f_score_similar, 1, Avg_gene_dist, 0, simmialr gene dist, 0, variance, 0, inconsistency, 1.01392, cophenet, 0.901295, roughness, 12.2642, %, 28, 5, % 
seuclidean, average, f_score, 1, f_score_similar, 1, Avg_gene_dist, 0, simmialr gene dist, 0, variance, 0, inconsistency, 1.0905, cophenet, 0.925457, roughness, 0.688144, %, 28, 6, % 
cityblock, average, f_score, 1, f_score_similar, 1, Avg_gene_dist, 0, simmialr gene dist, 0, variance, 0, inconsistency, 0.937318, cophenet, 0.892364, roughness, 19.0568, %, 28, 7, % 
minkowski, average, f_score, 1, f_score_similar, 1, Avg_gene_dist, 0, simmialr gene dist, 0, variance, 0, inconsistency, 1.01392, cophenet, 0.901295, roughness, 12.2642, %, 28, 8, % 
chebychev, average, f_score, 1, f_score_similar, 1, Avg_gene_dist, 0, simmialr gene dist, 0, variance, 0, inconsistency, 1.00678, cophenet, 0.902984, roughness, 12.0946, %, 28, 9, % 
cosine, average, f_score, 1, f_score_similar, 1, Avg_gene_dist, 0, simmialr gene dist, 0, variance, 0, inconsistency, 1.33932, cophenet, 0.849932, roughness, 0.000312927, %, 28, 10, % 
spearman, average, f_score, 1, f_score_similar, 1, Avg_gene_dist, 0, simmialr gene dist, 0, variance, 0, inconsistency, 0.69327, cophenet, 0.846468, roughness, 0.00804874, %, 28, 11, % 
euclidean, centroid, f_score, 1, f_score_similar, 1, Avg_gene_dist, 0, simmialr gene dist, 0, variance, 0, inconsistency, 1.03121, cophenet, 0.901015, roughness, 12.2642, %, 28, 12, % 
seuclidean, centroid, f_score, 1, f_score_similar, 1, Avg_gene_dist, 0, simmialr gene dist, 0, variance, 0, inconsistency, 1.05614, cophenet, 0.923395, roughness, 0.697532, %, 28, 13, % 
cityblock, centroid, f_score, 1, f_score_similar, 1, Avg_gene_dist, 0, simmialr gene dist, 0, variance, 0, inconsistency, 0.911115, cophenet, 0.892106, roughness, 16.311, %, 28, 14, % 
minkowski, centroid, f_score, 1, f_score_similar, 1, Avg_gene_dist, 0, simmialr gene dist, 0, variance, 0, inconsistency, 1.03121, cophenet, 0.901015, roughness, 12.2642, %, 28, 15, % 
chebychev, centroid, f_score, 1, f_score_similar, 1, Avg_gene_dist, 0, simmialr gene dist, 0, variance, 0, inconsistency, 0.996999, cophenet, 0.902751, roughness, 12.0946, %, 28, 16, % 
cosine, centroid, f_score, 1, f_score_similar, 1, Avg_gene_dist, 0, simmialr gene dist, 0, variance, 0, inconsistency, 1.34213, cophenet, 0.849489, roughness, 0.000312927, %, 28, 17, % 
spearman, centroid, f_score, 1, f_score_similar, 1, Avg_gene_dist, 0, simmialr gene dist, 0, variance, 0, inconsistency, 0.301552, cophenet, 0.84658, roughness, 0.00804874, %, 28, 18, % 
euclidean, complete, f_score, 1, f_score_similar, 1, Avg_gene_dist, 0, simmialr gene dist, 0, variance, 0, inconsistency, 0.998981, cophenet, 0.896542, roughness, 12.2642, %, 28, 19, % 
seuclidean, complete, f_score, 1, f_score_similar, 1, Avg_gene_dist, 0, simmialr gene dist, 0, variance, 0, inconsistency, 1.08172, cophenet, 0.909327, roughness, 0.697532, %, 28, 20, % 
cityblock, complete, f_score, 1, f_score_similar, 1, Avg_gene_dist, 0, simmialr gene dist, 0, variance, 0, inconsistency, 1.0004, cophenet, 0.887596, roughness, 19.0568, %, 28, 21, % 
minkowski, complete, f_score, 1, f_score_similar, 1, Avg_gene_dist, 0, simmialr gene dist, 0, variance, 0, inconsistency, 0.998981, cophenet, 0.896542, roughness, 12.2642, %, 28, 22, % 
chebychev, complete, f_score, 1, f_score_similar, 1, Avg_gene_dist, 0, simmialr gene dist, 0, variance, 0, inconsistency, 1.05624, cophenet, 0.897476, roughness, 12.1693, %, 28, 23, % 
cosine, complete, f_score, 1, f_score_similar, 1, Avg_gene_dist, 0, simmialr gene dist, 0, variance, 0, inconsistency, 1.26293, cophenet, 0.578244, roughness, 0.000313727, %, 28, 24, % 
spearman, complete, f_score, 1, f_score_similar, 1, Avg_gene_dist, 0, simmialr gene dist, 0, variance, 0, inconsistency, 0.754476, cophenet, 0.8278, roughness, 0.00812891, %, 28, 25, % 
euclidean, median, f_score, 1, f_score_similar, 1, Avg_gene_dist, 0, simmialr gene dist, 0, variance, 0, inconsistency, 0.982995, cophenet, 0.880437, roughness, 11.5337, %, 28, 26, % 
seuclidean, median, f_score, 1, f_score_similar, 1, Avg_gene_dist, 0, simmialr gene dist, 0, variance, 0, inconsistency, 1.04891, cophenet, 0.91714, roughness, 0.697532, %, 28, 27, % 
cityblock, median, f_score, 1, f_score_similar, 1, Avg_gene_dist, 0, simmialr gene dist, 0, variance, 0, inconsistency, 0.908948, cophenet, 0.888988, roughness, 16.311, %, 28, 28, % 
minkowski, median, f_score, 1, f_score_similar, 1, Avg_gene_dist, 0, simmialr gene dist, 0, variance, 0, inconsistency, 0.982995, cophenet, 0.880437, roughness, 11.5337, %, 28, 29, % 
chebychev, median, f_score, 1, f_score_similar, 1, Avg_gene_dist, 0, simmialr gene dist, 0, variance, 0, inconsistency, 0.99119, cophenet, 0.897346, roughness, 12.0946, %, 28, 30, % 
cosine, median, f_score, 1, f_score_similar, 1, Avg_gene_dist, 0, simmialr gene dist, 0, variance, 0, inconsistency, 1.28358, cophenet, 0.37889, roughness, 0.000316458, %, 28, 31, % 
spearman, median, f_score, 1, f_score_similar, 1, Avg_gene_dist, 0, simmialr gene dist, 0, variance, 0, inconsistency, 0.280276, cophenet, 0.843311, roughness, 0.00812891, %, 28, 32, % 
euclidean, single, f_score, 1, f_score_similar, 1, Avg_gene_dist, 0, simmialr gene dist, 0, variance, 0, inconsistency, 1.24218, cophenet, 0.929615, roughness, 13.2724, %, 28, 33, % 
seuclidean, single, f_score, 1, f_score_similar, 1, Avg_gene_dist, 0, simmialr gene dist, 0, variance, 0, inconsistency, 1.06832, cophenet, 0.904711, roughness, 0.696888, %, 28, 34, % 
cityblock, single, f_score, 1, f_score_similar, 1, Avg_gene_dist, 0, simmialr gene dist, 0, variance, 0, inconsistency, 1.22681, cophenet, 0.916029, roughness, 18.8248, %, 28, 35, % 
minkowski, single, f_score, 1, f_score_similar, 1, Avg_gene_dist, 0, simmialr gene dist, 0, variance, 0, inconsistency, 1.24218, cophenet, 0.929615, roughness, 13.2724, %, 28, 36, % 
chebychev, single, f_score, 1, f_score_similar, 1, Avg_gene_dist, 0, simmialr gene dist, 0, variance, 0, inconsistency, 1.26962, cophenet, 0.93315, roughness, 13.124, %, 28, 37, % 
cosine, single, f_score, 1, f_score_similar, 1, Avg_gene_dist, 0, simmialr gene dist, 0, variance, 0, inconsistency, 1.43968, cophenet, 0.839986, roughness, 0.000314565, %, 28, 38, % 
spearman, single, f_score, 1, f_score_similar, 1, Avg_gene_dist, 0, simmialr gene dist, 0, variance, 0, inconsistency, 0.77332, cophenet, 0.877632, roughness, 0.00812891, %, 28, 39, % 
euclidean, weighted, f_score, 1, f_score_similar, 1, Avg_gene_dist, 0, simmialr gene dist, 0, variance, 0, inconsistency, 0.961532, cophenet, 0.900931, roughness, 12.2642, %, 28, 40, % 
seuclidean, weighted, f_score, 1, f_score_similar, 1, Avg_gene_dist, 0, simmialr gene dist, 0, variance, 0, inconsistency, 1.089, cophenet, 0.913792, roughness, 0.688144, %, 28, 41, % 
cityblock, weighted, f_score, 1, f_score_similar, 1, Avg_gene_dist, 0, simmialr gene dist, 0, variance, 0, inconsistency, 0.923379, cophenet, 0.891403, roughness, 19.0568, %, 28, 42, % 
minkowski, weighted, f_score, 1, f_score_similar, 1, Avg_gene_dist, 0, simmialr gene dist, 0, variance, 0, inconsistency, 0.961532, cophenet, 0.900931, roughness, 12.2642, %, 28, 43, % 
chebychev, weighted, f_score, 1, f_score_similar, 1, Avg_gene_dist, 0, simmialr gene dist, 0, variance, 0, inconsistency, 1.00692, cophenet, 0.899597, roughness, 12.0946, %, 28, 44, % 
cosine, weighted, f_score, 1, f_score_similar, 1, Avg_gene_dist, 0, simmialr gene dist, 0, variance, 0, inconsistency, 1.28203, cophenet, 0.386189, roughness, 0.000316458, %, 28, 45, % 
spearman, weighted, f_score, 1, f_score_similar, 1, Avg_gene_dist, 0, simmialr gene dist, 0, variance, 0, inconsistency, 0.696786, cophenet, 0.843636, roughness, 0.00812891, %, 28, 46, % 
euclidean, ward, f_score, 1, f_score_similar, 1, Avg_gene_dist, 0, simmialr gene dist, 0, variance, 0, inconsistency, 1.02881, cophenet, 0.848701, roughness, 12.2642, %, 28, 47, % 
seuclidean, ward, f_score, 1, f_score_similar, 1, Avg_gene_dist, 0, simmialr gene dist, 0, variance, 0, inconsistency, 0.963514, cophenet, 0.771748, roughness, 0.690503, %, 28, 48, % 
cityblock, ward, f_score, 1, f_score_similar, 1, Avg_gene_dist, 0, simmialr gene dist, 0, variance, 0, inconsistency, 0.936682, cophenet, 0.66668, roughness, 19.0568, %, 28, 49, % 
minkowski, ward, f_score, 1, f_score_similar, 1, Avg_gene_dist, 0, simmialr gene dist, 0, variance, 0, inconsistency, 1.02881, cophenet, 0.848701, roughness, 12.2642, %, 28, 50, % 
chebychev, ward, f_score, 1, f_score_similar, 1, Avg_gene_dist, 0, simmialr gene dist, 0, variance, 0, inconsistency, 1.02119, cophenet, 0.857978, roughness, 11.1809, %, 28, 51, % 
cosine, ward, f_score, 1, f_score_similar, 1, Avg_gene_dist, 0, simmialr gene dist, 0, variance, 0, inconsistency, 1.25255, cophenet, 0.437202, roughness, 0.00030997, %, 28, 52, % 
spearman, ward, f_score, 1, f_score_similar, 1, Avg_gene_dist, 0, simmialr gene dist, 0, variance, 0, inconsistency, 0.682167, cophenet, 0.796268, roughness, 0.00843354, %, 28, 53, % 
network som, neural, f_score, 0.821429, f_score_similar, 0.821429, Avg_gene_dist, 0, simmialr gene dist, 0, variance, 0, inconsistency, 0, cophenet, 0, roughness, 0, %, 28, 0, % 
sqeuclidean, kmeans, f_score, 1, f_score_similar, 1, Avg_gene_dist, 0, simmialr gene dist, 0, variance, 0, inconsistency, 0, cophenet, 0, roughness, 0, %, 28, 1, % 
cityblock, kmeans, f_score, 1, f_score_similar, 1, Avg_gene_dist, 0, simmialr gene dist, 0, variance, 0, inconsistency, 0, cophenet, 0, roughness, 0, %, 28, 2, % 
cosine, kmeans, f_score, 1, f_score_similar, 1, Avg_gene_dist, 0, simmialr gene dist, 0, variance, 0, inconsistency, 0, cophenet, 0, roughness, 0, %, 28, 3, % 
correlation, kmeans, f_score, 1, f_score_similar, 1, Avg_gene_dist, 0, simmialr gene dist, 0, variance, 0, inconsistency, 0, cophenet, 0, roughness, 0, %, 28, 4, % 
euclidean, average, f_score, 1, f_score_similar, 1, Avg_gene_dist, 0, simmialr gene dist, 0, variance, 0, inconsistency, 1.05905, cophenet, 0.893973, roughness, 11.1839, %, 28, 5, % 
seuclidean, average, f_score, 1, f_score_similar, 1, Avg_gene_dist, 0, simmialr gene dist, 0, variance, 0, inconsistency, 1.04524, cophenet, 0.908873, roughness, 0.686039, %, 28, 6, % 
cityblock, average, f_score, 1, f_score_similar, 1, Avg_gene_dist, 0, simmialr gene dist, 0, variance, 0, inconsistency, 1.12384, cophenet, 0.914342, roughness, 15.1777, %, 28, 7, % 
minkowski, average, f_score, 1, f_score_similar, 1, Avg_gene_dist, 0, simmialr gene dist, 0, variance, 0, inconsistency, 1.05905, cophenet, 0.893973, roughness, 11.1839, %, 28, 8, % 
chebychev, average, f_score, 1, f_score_similar, 1, Avg_gene_dist, 0, simmialr gene dist, 0, variance, 0, inconsistency, 1.00815, cophenet, 0.910225, roughness, 11.3324, %, 28, 9, % 
cosine, average, f_score, 1, f_score_similar, 1, Avg_gene_dist, 0, simmialr gene dist, 0, variance, 0, inconsistency, 1.36693, cophenet, 0.875493, roughness, 0.000198638, %, 28, 10, % 
spearman, average, f_score, 1, f_score_similar, 1, Avg_gene_dist, 0, simmialr gene dist, 0, variance, 0, inconsistency, 0.708973, cophenet, 0.908198, roughness, 0.00707071, %, 28, 11, % 
euclidean, centroid, f_score, 1, f_score_similar, 1, Avg_gene_dist, 0, simmialr gene dist, 0, variance, 0, inconsistency, 1.07869, cophenet, 0.893935, roughness, 11.1839, %, 28, 12, % 
seuclidean, centroid, f_score, 1, f_score_similar, 1, Avg_gene_dist, 0, simmialr gene dist, 0, variance, 0, inconsistency, 1.09341, cophenet, 0.90809, roughness, 0.657754, %, 28, 13, % 
cityblock, centroid, f_score, 1, f_score_similar, 1, Avg_gene_dist, 0, simmialr gene dist, 0, variance, 0, inconsistency, 1.13227, cophenet, 0.914318, roughness, 15.1777, %, 28, 14, % 
minkowski, centroid, f_score, 1, f_score_similar, 1, Avg_gene_dist, 0, simmialr gene dist, 0, variance, 0, inconsistency, 1.07869, cophenet, 0.893935, roughness, 11.1839, %, 28, 15, % 
chebychev, centroid, f_score, 1, f_score_similar, 1, Avg_gene_dist, 0, simmialr gene dist, 0, variance, 0, inconsistency, 1.01714, cophenet, 0.91023, roughness, 11.3324, %, 28, 16, % 
cosine, centroid, f_score, 1, f_score_similar, 1, Avg_gene_dist, 0, simmialr gene dist, 0, variance, 0, inconsistency, 1.37418, cophenet, 0.875314, roughness, 0.000198638, %, 28, 17, % 
spearman, centroid, f_score, 1, f_score_similar, 1, Avg_gene_dist, 0, simmialr gene dist, 0, variance, 0, inconsistency, 0.457856, cophenet, 0.908529, roughness, 0.00699856, %, 28, 18, % 
euclidean, complete, f_score, 1, f_score_similar, 1, Avg_gene_dist, 0, simmialr gene dist, 0, variance, 0, inconsistency, 1.03523, cophenet, 0.874593, roughness, 11.2788, %, 28, 19, % 
seuclidean, complete, f_score, 1, f_score_similar, 1, Avg_gene_dist, 0, simmialr gene dist, 0, variance, 0, inconsistency, 0.988639, cophenet, 0.902637, roughness, 0.65117, %, 28, 20, % 
cityblock, complete, f_score, 1, f_score_similar, 1, Avg_gene_dist, 0, simmialr gene dist, 0, variance, 0, inconsistency, 1.00446, cophenet, 0.831259, roughness, 15.2377, %, 28, 21, % 
minkowski, complete, f_score, 1, f_score_similar, 1, Avg_gene_dist, 0, simmialr gene dist, 0, variance, 0, inconsistency, 1.03523, cophenet, 0.874593, roughness, 11.2788, %, 28, 22, % 
chebychev, complete, f_score, 1, f_score_similar, 1, Avg_gene_dist, 0, simmialr gene dist, 0, variance, 0, inconsistency, 1.02344, cophenet, 0.887014, roughness, 11.4564, %, 28, 23, % 
cosine, complete, f_score, 1, f_score_similar, 1, Avg_gene_dist, 0, simmialr gene dist, 0, variance, 0, inconsistency, 1.40712, cophenet, 0.874872, roughness, 0.000194986, %, 28, 24, % 
spearman, complete, f_score, 1, f_score_similar, 1, Avg_gene_dist, 0, simmialr gene dist, 0, variance, 0, inconsistency, 0.744648, cophenet, 0.878793, roughness, 0.00707071, %, 28, 25, % 
euclidean, median, f_score, 1, f_score_similar, 1, Avg_gene_dist, 0, simmialr gene dist, 0, variance, 0, inconsistency, 1.09208, cophenet, 0.917927, roughness, 11.1839, %, 28, 26, % 
seuclidean, median, f_score, 1, f_score_similar, 1, Avg_gene_dist, 0, simmialr gene dist, 0, variance, 0, inconsistency, 1.08719, cophenet, 0.90581, roughness, 0.657754, %, 28, 27, % 
cityblock, median, f_score, 1, f_score_similar, 1, Avg_gene_dist, 0, simmialr gene dist, 0, variance, 0, inconsistency, 1.0531, cophenet, 0.872915, roughness, 15.1777, %, 28, 28, % 
minkowski, median, f_score, 1, f_score_similar, 1, Avg_gene_dist, 0, simmialr gene dist, 0, variance, 0, inconsistency, 1.09208, cophenet, 0.917927, roughness, 11.1839, %, 28, 29, % 
chebychev, median, f_score, 1, f_score_similar, 1, Avg_gene_dist, 0, simmialr gene dist, 0, variance, 0, inconsistency, 0.99043, cophenet, 0.90847, roughness, 11.3324, %, 28, 30, % 
cosine, median, f_score, 1, f_score_similar, 1, Avg_gene_dist, 0, simmialr gene dist, 0, variance, 0, inconsistency, 1.37539, cophenet, 0.858154, roughness, 0.000198638, %, 28, 31, % 
spearman, median, f_score, 1, f_score_similar, 1, Avg_gene_dist, 0, simmialr gene dist, 0, variance, 0, inconsistency, 0.433483, cophenet, 0.907585, roughness, 0.00707071, %, 28, 32, % 
euclidean, single, f_score, 1, f_score_similar, 1, Avg_gene_dist, 0, simmialr gene dist, 0, variance, 0, inconsistency, 1.2494, cophenet, 0.85331, roughness, 11.1839, %, 28, 33, % 
seuclidean, single, f_score, 1, f_score_similar, 1, Avg_gene_dist, 0, simmialr gene dist, 0, variance, 0, inconsistency, 1.00803, cophenet, 0.858891, roughness, 0.661571, %, 28, 34, % 
cityblock, single, f_score, 1, f_score_similar, 1, Avg_gene_dist, 0, simmialr gene dist, 0, variance, 0, inconsistency, 1.18103, cophenet, 0.855499, roughness, 15.383, %, 28, 35, % 
minkowski, single, f_score, 1, f_score_similar, 1, Avg_gene_dist, 0, simmialr gene dist, 0, variance, 0, inconsistency, 1.2494, cophenet, 0.85331, roughness, 11.1839, %, 28, 36, % 
chebychev, single, f_score, 1, f_score_similar, 1, Avg_gene_dist, 0, simmialr gene dist, 0, variance, 0, inconsistency, 1.15357, cophenet, 0.85506, roughness, 11.3324, %, 28, 37, % 
cosine, single, f_score, 1, f_score_similar, 1, Avg_gene_dist, 0, simmialr gene dist, 0, variance, 0, inconsistency, 1.33266, cophenet, 0.834324, roughness, 0.000188045, %, 28, 38, % 
spearman, single, f_score, 1, f_score_similar, 1, Avg_gene_dist, 0, simmialr gene dist, 0, variance, 0, inconsistency, 0.741886, cophenet, 0.894275, roughness, 0.00692641, %, 28, 39, % 
euclidean, weighted, f_score, 1, f_score_similar, 1, Avg_gene_dist, 0, simmialr gene dist, 0, variance, 0, inconsistency, 1.07566, cophenet, 0.917837, roughness, 11.1839, %, 28, 40, % 
seuclidean, weighted, f_score, 1, f_score_similar, 1, Avg_gene_dist, 0, simmialr gene dist, 0, variance, 0, inconsistency, 1.10306, cophenet, 0.908302, roughness, 0.657754, %, 28, 41, % 
cityblock, weighted, f_score, 1, f_score_similar, 1, Avg_gene_dist, 0, simmialr gene dist, 0, variance, 0, inconsistency, 1.00314, cophenet, 0.832316, roughness, 15.1777, %, 28, 42, % 
minkowski, weighted, f_score, 1, f_score_similar, 1, Avg_gene_dist, 0, simmialr gene dist, 0, variance, 0, inconsistency, 1.07566, cophenet, 0.917837, roughness, 11.1839, %, 28, 43, % 
chebychev, weighted, f_score, 1, f_score_similar, 1, Avg_gene_dist, 0, simmialr gene dist, 0, variance, 0, inconsistency, 1.01523, cophenet, 0.909598, roughness, 11.3324, %, 28, 44, % 
cosine, weighted, f_score, 1, f_score_similar, 1, Avg_gene_dist, 0, simmialr gene dist, 0, variance, 0, inconsistency, 1.37417, cophenet, 0.856638, roughness, 0.000198638, %, 28, 45, % 
spearman, weighted, f_score, 1, f_score_similar, 1, Avg_gene_dist, 0, simmialr gene dist, 0, variance, 0, inconsistency, 0.712496, cophenet, 0.905329, roughness, 0.00707071, %, 28, 46, % 
euclidean, ward, f_score, 1, f_score_similar, 1, Avg_gene_dist, 0, simmialr gene dist, 0, variance, 0, inconsistency, 1.01545, cophenet, 0.746321, roughness, 11.2788, %, 28, 47, % 
seuclidean, ward, f_score, 1, f_score_similar, 1, Avg_gene_dist, 0, simmialr gene dist, 0, variance, 0, inconsistency, 0.910519, cophenet, 0.741141, roughness, 0.626678, %, 28, 48, % 
cityblock, ward, f_score, 1, f_score_similar, 1, Avg_gene_dist, 0, simmialr gene dist, 0, variance, 0, inconsistency, 1.02331, cophenet, 0.750377, roughness, 15.1777, %, 28, 49, % 
minkowski, ward, f_score, 1, f_score_similar, 1, Avg_gene_dist, 0, simmialr gene dist, 0, variance, 0, inconsistency, 1.01545, cophenet, 0.746321, roughness, 11.2788, %, 28, 50, % 
chebychev, ward, f_score, 1, f_score_similar, 1, Avg_gene_dist, 0, simmialr gene dist, 0, variance, 0, inconsistency, 0.988704, cophenet, 0.735905, roughness, 11.4564, %, 28, 51, % 
cosine, ward, f_score, 1, f_score_similar, 1, Avg_gene_dist, 0, simmialr gene dist, 0, variance, 0, inconsistency, 1.24832, cophenet, 0.437179, roughness, 0.000196159, %, 28, 52, % 
spearman, ward, f_score, 1, f_score_similar, 1, Avg_gene_dist, 0, simmialr gene dist, 0, variance, 0, inconsistency, 0.770633, cophenet, 0.881986, roughness, 0.00741943, %, 28, 53, % 
network som, neural, f_score, 0.761905, f_score_similar, 0.761905, Avg_gene_dist, 0, simmialr gene dist, 0, variance, 0, inconsistency, 0, cophenet, 0, roughness, 0, %, 28, 0, % 
sqeuclidean, kmeans, f_score, 1, f_score_similar, 1, Avg_gene_dist, 0, simmialr gene dist, 0, variance, 0, inconsistency, 0, cophenet, 0, roughness, 0, %, 28, 1, % 
cityblock, kmeans, f_score, 1, f_score_similar, 1, Avg_gene_dist, 0, simmialr gene dist, 0, variance, 0, inconsistency, 0, cophenet, 0, roughness, 0, %, 28, 2, % 
cosine, kmeans, f_score, 1, f_score_similar, 1, Avg_gene_dist, 0, simmialr gene dist, 0, variance, 0, inconsistency, 0, cophenet, 0, roughness, 0, %, 28, 3, % 
correlation, kmeans, f_score, 1, f_score_similar, 1, Avg_gene_dist, 0, simmialr gene dist, 0, variance, 0, inconsistency, 0, cophenet, 0, roughness, 0, %, 28, 4, % 
euclidean, average, f_score, 1, f_score_similar, 1, Avg_gene_dist, 0, simmialr gene dist, 0, variance, 0, inconsistency, 1.10038, cophenet, 0.905674, roughness, 11.1973, %, 28, 5, % 
seuclidean, average, f_score, 1, f_score_similar, 1, Avg_gene_dist, 0, simmialr gene dist, 0, variance, 0, inconsistency, 1.03558, cophenet, 0.933758, roughness, 0.742603, %, 28, 6, % 
cityblock, average, f_score, 1, f_score_similar, 1, Avg_gene_dist, 0, simmialr gene dist, 0, variance, 0, inconsistency, 1.1736, cophenet, 0.908715, roughness, 15.6974, %, 28, 7, % 
minkowski, average, f_score, 1, f_score_similar, 1, Avg_gene_dist, 0, simmialr gene dist, 0, variance, 0, inconsistency, 1.10038, cophenet, 0.905674, roughness, 11.1973, %, 28, 8, % 
chebychev, average, f_score, 1, f_score_similar, 1, Avg_gene_dist, 0, simmialr gene dist, 0, variance, 0, inconsistency, 1.13457, cophenet, 0.91754, roughness, 11.0568, %, 28, 9, % 
cosine, average, f_score, 1, f_score_similar, 1, Avg_gene_dist, 0, simmialr gene dist, 0, variance, 0, inconsistency, 1.34662, cophenet, 0.917358, roughness, 0.000195242, %, 28, 10, % 
spearman, average, f_score, 1, f_score_similar, 1, Avg_gene_dist, 0, simmialr gene dist, 0, variance, 0, inconsistency, 0.566161, cophenet, 0.689395, roughness, 0.00472583, %, 28, 11, % 
euclidean, centroid, f_score, 1, f_score_similar, 1, Avg_gene_dist, 0, simmialr gene dist, 0, variance, 0, inconsistency, 1.06909, cophenet, 0.905652, roughness, 11.1973, %, 28, 12, % 
seuclidean, centroid, f_score, 1, f_score_similar, 1, Avg_gene_dist, 0, simmialr gene dist, 0, variance, 0, inconsistency, 1.04902, cophenet, 0.93183, roughness, 0.718968, %, 28, 13, % 
cityblock, centroid, f_score, 1, f_score_similar, 1, Avg_gene_dist, 0, simmialr gene dist, 0, variance, 0, inconsistency, 1.05, cophenet, 0.850699, roughness, 15.6974, %, 28, 14, % 
minkowski, centroid, f_score, 1, f_score_similar, 1, Avg_gene_dist, 0, simmialr gene dist, 0, variance, 0, inconsistency, 1.06909, cophenet, 0.905652, roughness, 11.1973, %, 28, 15, % 
chebychev, centroid, f_score, 1, f_score_similar, 1, Avg_gene_dist, 0, simmialr gene dist, 0, variance, 0, inconsistency, 1.10935, cophenet, 0.917499, roughness, 11.1694, %, 28, 16, % 
cosine, centroid, f_score, 1, f_score_similar, 1, Avg_gene_dist, 0, simmialr gene dist, 0, variance, 0, inconsistency, 1.35145, cophenet, 0.91715, roughness, 0.000195242, %, 28, 17, % 
spearman, centroid, f_score, 1, f_score_similar, 1, Avg_gene_dist, 0, simmialr gene dist, 0, variance, 0, inconsistency, 0.191835, cophenet, 0.690226, roughness, 0.00472583, %, 28, 18, % 
euclidean, complete, f_score, 1, f_score_similar, 1, Avg_gene_dist, 0, simmialr gene dist, 0, variance, 0, inconsistency, 1.02989, cophenet, 0.748877, roughness, 11.1973, %, 28, 19, % 
seuclidean, complete, f_score, 1, f_score_similar, 1, Avg_gene_dist, 0, simmialr gene dist, 0, variance, 0, inconsistency, 1.00427, cophenet, 0.914176, roughness, 0.744477, %, 28, 20, % 
cityblock, complete, f_score, 1, f_score_similar, 1, Avg_gene_dist, 0, simmialr gene dist, 0, variance, 0, inconsistency, 1.03796, cophenet, 0.767665, roughness, 15.6974, %, 28, 21, % 
minkowski, complete, f_score, 1, f_score_similar, 1, Avg_gene_dist, 0, simmialr gene dist, 0, variance, 0, inconsistency, 1.02989, cophenet, 0.748877, roughness, 11.1973, %, 28, 22, % 
chebychev, complete, f_score, 1, f_score_similar, 1, Avg_gene_dist, 0, simmialr gene dist, 0, variance, 0, inconsistency, 1.13114, cophenet, 0.875803, roughness, 11.1694, %, 28, 23, % 
cosine, complete, f_score, 1, f_score_similar, 1, Avg_gene_dist, 0, simmialr gene dist, 0, variance, 0, inconsistency, 1.26377, cophenet, 0.808264, roughness, 0.00019733, %, 28, 24, % 
spearman, complete, f_score, 1, f_score_similar, 1, Avg_gene_dist, 0, simmialr gene dist, 0, variance, 0, inconsistency, 0.624332, cophenet, 0.673195, roughness, 0.00472583, %, 28, 25, % 
euclidean, median, f_score, 1, f_score_similar, 1, Avg_gene_dist, 0, simmialr gene dist, 0, variance, 0, inconsistency, 1.12607, cophenet, 0.906223, roughness, 11.3283, %, 28, 26, % 
seuclidean, median, f_score, 1, f_score_similar, 1, Avg_gene_dist, 0, simmialr gene dist, 0, variance, 0, inconsistency, 1.08268, cophenet, 0.931293, roughness, 0.718968, %, 28, 27, % 
cityblock, median, f_score, 1, f_score_similar, 1, Avg_gene_dist, 0, simmialr gene dist, 0, variance, 0, inconsistency, 1.17054, cophenet, 0.806884, roughness, 15.9043, %, 28, 28, % 
minkowski, median, f_score, 1, f_score_similar, 1, Avg_gene_dist, 0, simmialr gene dist, 0, variance, 0, inconsistency, 1.12607, cophenet, 0.906223, roughness, 11.3283, %, 28, 29, % 
chebychev, median, f_score, 1, f_score_similar, 1, Avg_gene_dist, 0, simmialr gene dist, 0, variance, 0, inconsistency, 1.11675, cophenet, 0.9019, roughness, 11.1694, %, 28, 30, % 
cosine, median, f_score, 1, f_score_similar, 1, Avg_gene_dist, 0, simmialr gene dist, 0, variance, 0, inconsistency, 1.33831, cophenet, 0.916342, roughness, 0.000192743, %, 28, 31, % 
spearman, median, f_score, 1, f_score_similar, 1, Avg_gene_dist, 0, simmialr gene dist, 0, variance, 0, inconsistency, 0.272238, cophenet, 0.678724, roughness, 0.00472583, %, 28, 32, % 
euclidean, single, f_score, 1, f_score_similar, 1, Avg_gene_dist, 0, simmialr gene dist, 0, variance, 0, inconsistency, 1.27028, cophenet, 0.904091, roughness, 11.3283, %, 28, 33, % 
seuclidean, single, f_score, 1, f_score_similar, 1, Avg_gene_dist, 0, simmialr gene dist, 0, variance, 0, inconsistency, 1.19826, cophenet, 0.849366, roughness, 0.721872, %, 28, 34, % 
cityblock, single, f_score, 1, f_score_similar, 1, Avg_gene_dist, 0, simmialr gene dist, 0, variance, 0, inconsistency, 1.21451, cophenet, 0.885446, roughness, 15.9043, %, 28, 35, % 
minkowski, single, f_score, 1, f_score_similar, 1, Avg_gene_dist, 0, simmialr gene dist, 0, variance, 0, inconsistency, 1.27028, cophenet, 0.904091, roughness, 11.3283, %, 28, 36, % 
chebychev, single, f_score, 1, f_score_similar, 1, Avg_gene_dist, 0, simmialr gene dist, 0, variance, 0, inconsistency, 1.1543, cophenet, 0.913396, roughness, 11.0568, %, 28, 37, % 
cosine, single, f_score, 1, f_score_similar, 1, Avg_gene_dist, 0, simmialr gene dist, 0, variance, 0, inconsistency, 1.48676, cophenet, 0.90641, roughness, 0.000194231, %, 28, 38, % 
spearman, single, f_score, 1, f_score_similar, 1, Avg_gene_dist, 0, simmialr gene dist, 0, variance, 0, inconsistency, 0.637859, cophenet, 0.715617, roughness, 0.00482203, %, 28, 39, % 
euclidean, weighted, f_score, 1, f_score_similar, 1, Avg_gene_dist, 0, simmialr gene dist, 0, variance, 0, inconsistency, 1.15125, cophenet, 0.905246, roughness, 11.3283, %, 28, 40, % 
seuclidean, weighted, f_score, 1, f_score_similar, 1, Avg_gene_dist, 0, simmialr gene dist, 0, variance, 0, inconsistency, 1.07215, cophenet, 0.93376, roughness, 0.734841, %, 28, 41, % 
cityblock, weighted, f_score, 1, f_score_similar, 1, Avg_gene_dist, 0, simmialr gene dist, 0, variance, 0, inconsistency, 1.12848, cophenet, 0.807216, roughness, 15.6974, %, 28, 42, % 
minkowski, weighted, f_score, 1, f_score_similar, 1, Avg_gene_dist, 0, simmialr gene dist, 0, variance, 0, inconsistency, 1.15125, cophenet, 0.905246, roughness, 11.3283, %, 28, 43, % 
chebychev, weighted, f_score, 1, f_score_similar, 1, Avg_gene_dist, 0, simmialr gene dist, 0, variance, 0, inconsistency, 1.14431, cophenet, 0.91152, roughness, 11.0568, %, 28, 44, % 
cosine, weighted, f_score, 1, f_score_similar, 1, Avg_gene_dist, 0, simmialr gene dist, 0, variance, 0, inconsistency, 1.26438, cophenet, 0.915392, roughness, 0.000192743, %, 28, 45, % 
spearman, weighted, f_score, 1, f_score_similar, 1, Avg_gene_dist, 0, simmialr gene dist, 0, variance, 0, inconsistency, 0.595011, cophenet, 0.681614, roughness, 0.00472583, %, 28, 46, % 
euclidean, ward, f_score, 1, f_score_similar, 1, Avg_gene_dist, 0, simmialr gene dist, 0, variance, 0, inconsistency, 1.03454, cophenet, 0.606998, roughness, 11.1973, %, 28, 47, % 
seuclidean, ward, f_score, 1, f_score_similar, 1, Avg_gene_dist, 0, simmialr gene dist, 0, variance, 0, inconsistency, 1.00457, cophenet, 0.776179, roughness, 0.744477, %, 28, 48, % 
cityblock, ward, f_score, 1, f_score_similar, 1, Avg_gene_dist, 0, simmialr gene dist, 0, variance, 0, inconsistency, 1.05563, cophenet, 0.619508, roughness, 15.6974, %, 28, 49, % 
minkowski, ward, f_score, 1, f_score_similar, 1, Avg_gene_dist, 0, simmialr gene dist, 0, variance, 0, inconsistency, 1.03454, cophenet, 0.606998, roughness, 11.1973, %, 28, 50, % 
chebychev, ward, f_score, 1, f_score_similar, 1, Avg_gene_dist, 0, simmialr gene dist, 0, variance, 0, inconsistency, 1.08728, cophenet, 0.656102, roughness, 11.1694, %, 28, 51, % 
cosine, ward, f_score, 1, f_score_similar, 1, Avg_gene_dist, 0, simmialr gene dist, 0, variance, 0, inconsistency, 1.29469, cophenet, 0.858334, roughness, 0.000193678, %, 28, 52, % 
spearman, ward, f_score, 1, f_score_similar, 1, Avg_gene_dist, 0, simmialr gene dist, 0, variance, 0, inconsistency, 0.614736, cophenet, 0.677707, roughness, 0.00472583, %, 28, 53, % 
